{
  "title":"12-400s06.jpg",
  "description": "The javelin event at the Interplanetary Olympics. Under what conditions could a javelin circle the planet and hit you in the back? (Image by MIT OCW.)",
  "file": "/courses/12-400-the-solar-system-spring-2006/5d7737e642fc18071767cce92b7fac12_12-400s06.jpg",
  "learning_resource_types": [],
  "resource_type": "Image",
  "file_type": "image/jpeg",
  "image_metadata": {"caption":"The javelin event at the Interplanetary Olympics. Under what conditions could a javelin circle the planet and hit you in the back? (Image by MIT OpenCourseWare.)","credit":"","image-alt":"Drawing of someone throwing a javelin around a planet."}}
