<?xml version="1.0" encoding="utf-8" standalone="yes"?>
<rss version="2.0" xmlns:atom="http://www.w3.org/2005/Atom">
  <channel>
    <title>Readings on MIT OpenCourseWare</title>
    <link>/resources/readings/</link>
    <description>Recent content in Readings on MIT OpenCourseWare</description>
    <generator>Hugo -- gohugo.io</generator>
    <language>en-us</language><atom:link href="/resources/readings/index.xml" rel="self" type="application/rss+xml" />
    <item>
      <title>Readings</title>
      <link>/pages/readings/data.json</link>
      <pubDate>Mon, 01 Jan 0001 00:00:00 +0000</pubDate>
      
      <guid>/pages/readings/data.json</guid>
      <description>Reading assignments are given in the two required textbooks and are to be completed prior to class in the indicated sessions.
H = Hartmann, W. K. Moons and Planets. Belmont, CA: Thomson Brooks/Cole, 2004. ISBN: 9780534493936.
B = Beatty, J. K., et al. The New Solar System. Cambridge, UK: Cambridge University Press, 1998. ISBN: 9780521645874.
Ses # Topics readings 1 Organization/Introduction 2 Overview of the Solar System H, chapters 1 and 2.</description>
    </item>
    
  </channel>
</rss>
