<?xml version="1.0" encoding="utf-8" standalone="yes"?>
<rss version="2.0" xmlns:atom="http://www.w3.org/2005/Atom">
  <channel>
    <title>Assignments on MIT OpenCourseWare</title>
    <link>/resources/assignments/</link>
    <description>Recent content in Assignments on MIT OpenCourseWare</description>
    <generator>Hugo -- gohugo.io</generator>
    <language>en-us</language><atom:link href="/resources/assignments/index.xml" rel="self" type="application/rss+xml" />
    <item>
      <title>Assignments</title>
      <link>/pages/assignments/data.json</link>
      <pubDate>Mon, 01 Jan 0001 00:00:00 +0000</pubDate>
      
      <guid>/pages/assignments/data.json</guid>
      <description> Sample Problem Sets The assignments are due in the sessions noted in the table.
SES # ASSIGNMENTS 4 Problem Set 1 - Featuring a Scale Model of the Solar System in MIT&amp;rsquo;s Infinite Corridor (PDF) 5 Problem Set 2 - Featuring the Death of the Sun and the Destruction of Earth (PDF) 6 Problem Set 3 - Featuring the Javelin Event at the Interplanetary Olympics and a Comet Possibly Aimed Towards Earth (PDF) </description>
    </item>
    
    <item>
      <title>ps1.pdf</title>
      <link>/resources/ps1/data.json</link>
      <pubDate>Mon, 01 Jan 0001 00:00:00 +0000</pubDate>
      
      <guid>/resources/ps1/data.json</guid>
      <description>This file includes problems on the topics of distance scales, spacecraft, eclipses, and density of the solar system.</description>
    </item>
    
    <item>
      <title>ps2.pdf</title>
      <link>/resources/ps2/data.json</link>
      <pubDate>Mon, 01 Jan 0001 00:00:00 +0000</pubDate>
      
      <guid>/resources/ps2/data.json</guid>
      <description>This file include problem on the topic of the fate of the earth.</description>
    </item>
    
    <item>
      <title>ps3.pdf</title>
      <link>/resources/ps3/data.json</link>
      <pubDate>Mon, 01 Jan 0001 00:00:00 +0000</pubDate>
      
      <guid>/resources/ps3/data.json</guid>
      <description>This file includes problems on the topics of interplanetary Olympics, and tidal forces.</description>
    </item>
    
  </channel>
</rss>
