{"0315d4f5-db01-ddb8-2785-bc65a0a3c0f3":"/resources/life_notes/data.json","038c35c0-2e4c-aaa4-1e5c-9b31c5257326":"/resources/basic_facts/data.json","0591bf68-5cdc-d9c6-9368-274d203e2a5b":"/resources/ps1/data.json","22463f2f-5e92-2e87-fabc-3f648a2fe647":"/resources/orbitalelements/data.json","2491dc7a-446a-d381-e294-8b661465e4e2":"/resources/atmo_structure/data.json","25a06b30-c872-38fd-ffa2-bcb752dafd05":"/resources/survey_of_planet/data.json","37e64f38-085e-05c7-d12d-6499f941bdd7":"/resources/mete_classificat/data.json","46a2c814-e6b6-312b-5826-c0143300f3f9":"/resources/ps2/data.json","49d7ff6b-5be0-7150-d935-f77a5272a6d8":"/pages/readings/data.json","5d7737e6-42fc-1807-1767-cce92b7fac12":"/resources/12-400s06/data.json","6ee3a92a-7d23-5e6d-c56d-ae939f982174":"/pages/assignments/data.json","6f01c401-d44d-eccc-a0ba-d03bd9830f3b":"/resources/sun_onepage/data.json","8f9c67fa-4b02-e4a5-c970-aa7d2630fc2a":"/resources/moonphasesseason/data.json","92d10718-19b1-e36e-b59d-27b0fe20ee61":"/resources/mete_definitions/data.json","998ea775-492c-74eb-1392-88919359acbc":"/resources/ps3/data.json","a845a691-62da-3c5e-61d8-2d9079806f1f":"/resources/atmo_basic_pro/data.json","bc420137-d798-c7b3-dd18-b71c1ac8b0bb":"/pages/syllabus/data.json","e1274f7d-3220-2d73-2637-ed83d1471579":"/pages/study-materials/data.json","ec04de67-e3a7-e846-797c-b922921464d2":"/resources/12-400s06-th/data.json","f72c012b-0f6d-ff05-3058-16dfb688a4d0":"/resources/ss_formation/data.json","f7654a41-d734-cdb6-131c-95387528efc0":"/resources/icy_satellites/data.json","fcf0fcbf-9bda-3e43-2d32-6f47f2fe23c0":"/resources/formation_notes2/data.json"}