{
  "course_title":"The Solar System",
  "course_description":"This is an introduction to the study of the solar system with emphasis on the latest spacecraft results. The subject covers basic principles rather than detailed mathematical and physical models. Topics include: an overview of the solar system, planetary orbits, rings, planetary formation, meteorites, asteroids, comets, planetary surfaces and cratering, planetary interiors, planetary atmospheres, and life in the solar system.\n",
  "site_uid":"59e4c2db-e4f8-47c0-a645-5b1c9ca9d6f0",
  "legacy_uid":"2d2ba09e-2cc2-7bb7-01df-1b4d557d852f","instructors": [{
    "first_name":"Richard",
    "last_name":"Binzel",
    "middle_initial":"",
    "salutation":"Prof.",
    "title":"Prof. Richard Binzel"}],"department_numbers":["12"],
  "learning_resource_types":["Problem Sets"],
  "topics":[["Science","Physics","Astrophysics"],["Science","Earth Science","Planetary Science"],["Science","Earth Science","Geophysics"]],
  "primary_course_number":"12.400",
  "extra_course_numbers":"",
  "term":"Spring",
  "year":"2006",
  "level":["Undergraduate"],
  "image_src":"./static_resources/5d7737e642fc18071767cce92b7fac12_12-400s06.jpg",
  "course_image_metadata":{"content_type":"resource","description":"The javelin event at the Interplanetary Olympics. Under what conditions could a javelin circle the planet and hit you in the back? (Image by MIT OCW.)","draft":false,"file":"/courses/12-400-the-solar-system-spring-2006/5d7737e642fc18071767cce92b7fac12_12-400s06.jpg","file_type":"image/jpeg","image_metadata":{"caption":"The javelin event at the Interplanetary Olympics. Under what conditions could a javelin circle the planet and hit you in the back? (Image by MIT OpenCourseWare.)","credit":"","image-alt":"Drawing of someone throwing a javelin around a planet."},"iscjklanguage":false,"learning_resource_types":[],"license":"https://creativecommons.org/licenses/by-nc-sa/4.0/","ocw_type":"OCWImage","resourcetype":"Image","title":"12-400s06.jpg","uid":"5d7737e6-42fc-1807-1767-cce92b7fac12"}}

